packed_designation,vtx,vty,vtz
15788,-0.9645165088561589,0.26395539457390693,0.005954310981156043
15789,-0.7507761756175217,0.658439335799717,0.052846714152872884
15810,0.8989335270175158,0.43422070636081006,-0.0580593848690137
15820,-0.9245182127148888,0.3735898241726426,-0.0754766032166371
15875,-0.9933262873958814,-0.08828625449773574,-0.07421875797314348
19299,-0.9698081843113712,0.24035454254219238,0.041252630486006844
20108,-0.8299460823912074,0.5121051160464871,-0.2212190101291053
24952,-0.7649809612151833,0.6306310429602785,0.13079991067705363
28978,0.9471338196358258,0.08343050462873637,-0.30980135344998955
32929,-0.7511252257654868,0.6593102696772511,0.033479299826267704
33340,-0.9028640202018539,-0.42680559707487514,0.051706318090788836
38628,0.9798104267445946,-0.19988627256076222,0.004123794895532877
47171,-0.7632933764951403,0.6382063722681343,0.10037852257826538
47932,0.964444764352288,-0.23479261117658823,-0.12132075770592274
55638,-0.9764402935717438,-0.21234786540949066,-0.03837625757626668
69986,-0.9736510245326897,-0.14761276625880007,-0.1738221897913733
69990,-0.9910697579391263,-0.09851581208089692,-0.08986306064520033
84719,-0.8937357906369231,0.4101865836602739,0.18161305878076855
84922,-0.9760642075103314,0.06505512821230901,-0.20752468072619373
90482,-0.24671656492367308,-0.9654758217903061,-0.08359051459702964
91133,0.9597284921730537,0.27477185493084477,-0.05849486344201397
91205,-0.991726004489057,-0.0020925379772392845,-0.1283555737199778
118228,-0.9617207523412941,0.25043477699880856,0.11124575041615084
119069,0.9968313436045007,0.07479307130402701,-0.02707893817262145
119473,-0.9389874097898467,0.3397975928949651,0.05329390320610794
120216,0.8612131827390727,-0.3374044823259491,-0.3800921851114473
126155,-0.7817045072382259,-0.6152270369076548,-0.10214576066225031
129746,0.8142819277317934,-0.5803513935742257,0.011713331970392187
131318,0.7165012991797304,-0.6762827820222883,-0.17107742987884986
133067,0.9078409256405907,-0.4004530969130605,0.12434697786747612
134340,0.8381179167295069,0.46091001655074604,-0.2917538591007537
139775,-0.6211858155855587,0.7810825627987619,-0.06354693231795247
168700,0.9373469067836789,-0.34831817028983886,-0.0074315939748982075
169071,0.9112330288420324,-0.4052391658476007,0.07372642409961408
208996,-0.7527409198997824,-0.6464102480196114,-0.12463907398426038
306792,0.9544299668100222,0.19196424431604941,0.2285020073417042
307463,-0.9982667017110436,0.05378288208464199,-0.023895477597735824
341520,-0.8357980662171725,0.52846022813076,-0.14890057015209893
385185,-0.7975313832460392,0.6025387018326283,-0.02984636546567569
385445,0.38191264710054873,0.9233128381717697,0.04044913907419238
438028,0.7296554192213931,-0.6816263354158674,0.05466724858989169
444745,0.9473212823252679,-0.2642341815990363,0.1810046555431595
450265,-0.9085141756467809,-0.4174703857702959,-0.017901666225530938
455502,-0.8588955161208157,0.5098066100272495,0.04894601883791831
456826,-0.8796344671769747,-0.0031999461580327,0.4756395321026896
469362,0.9786132898068522,0.058899256730355454,0.19709618608694973
469372,-0.2465477779218685,0.9103049589828514,-0.33250424787214133
469421,-0.648752278384127,-0.7115435286361463,0.2698634620459502
469506,0.9690148249985573,-0.24491159055153683,-0.032071509888553035
469704,0.5784872198996877,-0.8151251322255871,-0.0303900514469718
469707,0.9395305633061208,-0.27379594210354724,0.2057136424773875
469708,0.9851712313027131,-0.06507894555410236,0.15875256174015584
469987,0.9459694234696897,-0.26656744613195626,0.1846175682948656
491767,-0.6333061116949311,0.6067678747661834,0.48037080993913117
500833,0.7624040840894657,-0.6378367612549148,0.10910673011113364
500834,0.739412575628392,-0.6511170133139466,-0.17121821741775303
500883,0.9366607021806965,-0.23263426329622078,0.26181678428051375
500884,0.9354766112094897,-0.08642096808159379,-0.34265861459454033
500885,0.9825675471536273,-0.1785879746560424,-0.051646399572059576
503858,0.9424453908523828,0.3171041506563302,0.10602661410054964
504555,-0.710323446902212,0.6914394278267239,-0.13172743991899732
508823,-0.5959710721913242,0.7388172592446737,0.3145910655967718
523618,-0.8083734908289629,0.5533046268155495,0.20096340281131303
523644,-0.9978210381904101,0.043635044105298254,0.04948897524237883
523655,-0.8375462751734167,-0.5432962209978202,-0.057839892743878046
523697,0.7763157849625641,-0.6300738462443123,-0.0184594229827542
523700,0.8353322692019962,0.10736545752281015,-0.5391592144819205
523701,0.8793826258482507,-0.40692672297283555,-0.2471777487696341
523703,0.8920366214213379,-0.41280289866899256,-0.1840229140451867
523704,0.8042090903565307,-0.5748044352752517,-0.15115422645702142
523715,0.8078190093907682,-0.5796657329647803,-0.10684608599907579
523717,0.975515494877927,-0.14831902283485474,-0.1623914613469174
523751,-0.9859029309142058,0.16660323062903656,0.015452325350793543
523760,-0.9309955484228482,-0.3604508021876537,0.057641200708492595
523764,-0.9786871016043603,-0.20469394016205916,-0.01649084637572864
523766,-0.9451620554049296,0.22180264753847967,-0.23973375767223506
523768,-0.40710636478307544,-0.8266183387405618,-0.38854411565600067
524216,-0.581398570065058,0.805780710123456,-0.1126638802777744
524460,0.9119503464979087,-0.40780815117578445,-0.045156144176985574
525258,-0.7331126278361155,0.647872752151656,0.20689797467994714
529938,-0.7468962008677634,0.6577202545615761,0.09772477612538585
530838,-0.8484415784612157,0.526811903981903,-0.051147881297299504
531077,0.4554580869698159,-0.8762107518923438,-0.15752031387109688
532092,0.9635301783818553,-0.23737082263231132,0.12355034565022491
533209,0.23592277825675584,-0.9583495776054058,-0.16095505522708523
533562,0.9321551559056555,-0.34602516418585566,-0.1065521049470865
534161,-0.9698072397531391,0.2061980452916838,0.13021629636986973
534315,-0.717348784432995,0.6783293919914076,0.15899672145384497
534631,-0.7429044092324736,0.6288082367508262,0.22955008198052634
535024,-0.7717034450011233,0.45752590506325114,0.44175087908169586
535029,-0.9870561575789517,0.15930546120429295,0.018490857631899588
535032,-0.9681688511370111,0.20575142730206603,0.14253219233282965
535167,-0.9177612459896668,0.3794970053354371,-0.11703127061144679
535168,-0.992713033106326,0.08787532574794454,-0.08245459978394773
535229,-0.8309645855409377,-0.4512567976486467,-0.3253692673758021
535231,-0.6849780956048872,-0.7250209929851468,-0.07176049241981125
543435,0.7770638259210613,-0.530657796121451,-0.3384879818552602
547616,-0.7045407655697182,0.6559781816796886,-0.27076730749971434
552679,0.8515142397297156,-0.5193599026146984,-0.07203326379927012
555758,0.7522672426060529,-0.5539347729769981,0.3567215482541076
555916,0.8573137558650505,-0.3832225312564586,0.34373480408878165
556067,0.9520312544619846,-0.3041736905360622,-0.03338946709984954
556068,0.8124283520509393,0.519428594113467,-0.26486620849232967
556130,0.9021615329885786,-0.4302433277473806,0.03154754070538107
560039,0.7682393982035355,-0.6339533431893258,0.0889459707178834
575713,-0.7269130430075286,0.6548007019407597,0.20696248124581276
576257,0.9862463817141818,-0.1190371645393798,0.11466572292585618
578834,0.8293376777046662,-0.5585430133807276,-0.01512344349040512
578992,0.9389891626869395,-0.33945936186687614,-0.055377739186549216
578993,0.6968636414102138,0.6400660963586016,-0.32356831979159895
579246,0.9526252771046039,-0.23108091439941533,-0.19775412112445778
591486,-0.742236382226344,0.6695970166262613,0.0269256053740458
594994,-0.2597103729587922,0.9654756575503881,-0.020181101438006496
612029,0.9479247385827481,-0.31648361541082937,0.03573249444580004
612045,-0.21088978481203613,0.9741290573441433,-0.08122855593782127
612060,0.9227816144667578,-0.3740969919972705,0.09233381060434068
612088,0.6048923046866955,-0.7917197027368489,-0.08535345352763207
612102,-0.5870538371409806,0.8085335204023748,-0.04051343831117807
612208,-0.8835161681544835,-0.46613493916065796,-0.04601520513165129
612218,0.9555942025716674,0.29280008322638196,-0.033284099417633654
612241,-0.4502442833400087,0.8925319973699541,-0.02582090220039214
612332,-0.999971297494828,-0.007218050145650959,0.0023030281380301072
612351,0.9955007924532796,0.02403220550088682,-0.09165492525585171
612352,0.9382326295473853,-0.3448149103145251,0.028674212759632868
612533,-0.9806213004577117,-0.19321735694941336,0.03238700452511288
612547,0.8227745087627671,-0.5609949668969003,-0.0912510539475188
612574,-0.3579702638657416,0.9324224658541255,-0.04945336549117428
612581,-0.38605411691255814,0.9150107633777171,-0.11712182425915595
612621,-0.45140052385978535,0.883633151855679,-0.12421763160159575
612658,-0.8786281972495166,-0.26614352746403147,-0.3964594730701575
612688,-0.9776178510703157,-0.178947096053231,-0.11064029140766726
612772,0.9190663708611106,-0.3486779339863174,0.18368642928431145
612952,0.4649484675346421,-0.8717711832359754,-0.15439535814439342
613620,-0.9054563009464042,0.34323134589119014,-0.24968205837460006
620075,-0.37365587853658777,-0.9275246354799523,0.008907020423917306
622544,0.767096022974591,-0.5918528458212815,-0.2475356548657507
J98U43R,-0.9920350259166084,-0.03794900792042224,0.12010986700721044
J98W31S,-0.999382741934091,-0.017406923833346435,0.03051449044237743
J98W31V,-0.9811127127732916,0.16974677638582797,0.09275708458792915
J98W31Z,-0.9566747479844627,-0.2487336901183329,0.15134390628294936
J99T11R,-0.9363487141901867,-0.30008469413319255,0.1822093899374349
K00CA5K,-0.44555617945220566,-0.8841466486719479,-0.140585897564859
K00F08B,0.5060882482909086,-0.8596258346114797,-0.07012923363588497
K00QM6H,-0.3326731033489767,0.9420619966207661,0.04298605391352653
K01FH2U,0.909317098179981,-0.2591610088524553,-0.32554260312302674
K01K76Y,0.951650637696239,0.299994786823353,-0.06606202881498814
K01V71N,-0.9069323825345978,-0.3388752809169021,0.2502742445670517
K02CP1E,0.5979792829196051,-0.795875036290369,-0.09488784858325416
K02G31W,0.3250633590795213,-0.9448143297220354,0.040739353650234414
K02G32E,0.7860983952135429,-0.5712869337556175,0.2359672696854319
K02G32L,0.8553612853425626,-0.5113812849832234,-0.08274208666710077
K02G32R,0.9730786188476651,-0.22742977751902535,0.03733226271158981
K02GG6H,0.8381559544200672,-0.5354245015120613,-0.10399615017271913
K02TU1H,-0.8690916653512902,0.4941370205928751,0.022545112475150182
K02VD0X,-0.979567770910108,0.20030280469072262,-0.01804906167180081
K02VD8D,-0.9533798601985815,0.30094609447231835,-0.02232241899060395
K03FC7L,0.06110539201601918,-0.9973364025987815,-0.039827517094209584
K03H57A,0.8202141497136122,-0.4422765957348823,0.36282249306615455
K03H57F,0.8490527642412541,-0.527742460153609,-0.02443970714435248
K03SV7O,-0.6007742461382405,0.7932245421102954,-0.09932336568472136
K03UT2V,-0.9874725060332274,-0.031040124050394642,-0.15470798469178462
K03WJ1A,-0.9752933985457303,-0.2201429376324015,0.01843566553438132
K03WJ3O,-0.8205182337633568,0.5682356656026077,0.06211325461624728
K04E95V,0.7157349702394646,-0.6756901282727132,0.1765398055145555
K04E96J,0.7382312340435155,-0.6594974751466114,-0.14169589040558925
K04FG4W,0.8231205134663153,-0.5538498359190105,0.12539130577290653
K04H78X,0.9771938261881629,0.01892729114058219,0.21150409856505833
K04H78Y,0.9000627579353473,-0.4025653872457695,-0.16681768722015028
K04H78Z,0.8609339108844553,-0.4722569094957927,-0.18911957202436677
K04H79A,0.7351228109149464,-0.5832594377823013,0.3455472197983684
K04H79B,0.9430384114770612,-0.3294938221696023,-0.04596058779962942
K04K19B,0.9503921668001563,-0.19037477438379402,-0.24599222459911887
K04K19C,0.9907277928669972,0.10990841229227753,0.0798660212373131
K04M08S,0.4493364997020728,0.88022461352916,0.15264776373379912
K04U10S,-0.7471421226432348,0.6481726415196323,0.14714236425184887
K04V75Z,-0.9969108985735382,0.0779897566704504,0.009287527108137288
K04VD0V,-0.94474829834689,0.06033550049763979,0.32219602752106474
K04VD0X,-0.9450164259926431,0.31463298116025923,0.08916300673653343
K04VD0Y,-0.9925490758287709,0.008676416605146052,-0.12153621627460189
K04VD0Z,-0.9857479031425542,0.08739120362560093,0.1437492573160859
K05C81D,-0.3584392387709941,-0.8673423505307527,-0.3453093672130244
K05EV8X,0.5092503820478267,-0.8596525454613453,-0.040762108213049986
K05GI7A,0.8537135828377235,-0.44597072368073465,-0.26885541113777034
K05GI7F,0.9929878628637622,-0.1079665129598869,-0.04814910471172666
K05GL0V,0.5035772715840139,-0.8471087962073285,0.16975458442166225
K05TI9V,-0.8391485702915232,-0.32555487611664513,-0.43571056862826757
K05VC3A,-0.9981679524183885,-0.05843265766718327,0.015695963902595228
K06HC2T,0.9097175353620933,-0.4137449455306414,0.03505889191866911
K06TC1K,-0.9059847629827034,0.39396069099099906,-0.15487602524945368
K06TD0P,-0.6265006041929118,0.7758898501384951,0.07410757989558409
K06WJ5S,-0.6471008638378838,0.5471982656761217,0.530880900072049
K07J45F,0.9929862854325441,-0.11778139642307921,0.01028492097722418
K07Th1V,-0.926991010655638,0.37397112112692404,0.02886635977587384
K08TN9A,-0.8340665227382832,0.4904478853705357,0.25257455806719503
K09DE3N,0.5601678753215157,-0.8234148822344303,-0.09055320630788405
K09J18Z,0.4948350605986677,-0.7697247589985137,-0.40331384576653573
K09J19E,0.6428794006725752,-0.7595173178424655,0.09919435512295047
K09Y26T,-0.8785011446971702,-0.4535170728280199,0.15019322028396026
K10AF3V,-0.5012391172346413,-0.8627948523893968,-0.06591198710550566
K10ED9L,0.7062413508697982,-0.6986296459125635,-0.11462884529510262
K10LD6B,0.810159026693706,0.5346343751382646,-0.2404338503356474
K10RJ0K,-0.3206773433098254,0.9428442935045943,0.09061280093659302
K10S41B,-0.6482438248338751,0.7612945039390383,-0.01451281630015746
K10TI2J,-0.7547128459499496,0.6349962680662122,-0.1648886281709896
K10TI2N,-0.6455293883619911,0.7302830902580568,0.22355853113700722
K10TJ5S,-0.8402721912087743,0.5201884086571754,-0.15279615237276253
K11HA4N,0.9935105937508333,-0.08645810644615814,-0.0739032877117902
K11Uf0P,-0.823922795067453,0.5647161115342749,-0.047401910740436065
K11Uf0Q,-0.8310923817901268,0.5547121287612806,0.039748045682051626
K11Uf0R,-0.8379777170881693,0.4834617945572164,0.2530968962022572
K11Uf0S,-0.7399005077761956,0.6475780057114949,0.18218113269834202
K11Uf0U,-0.8418234972729178,0.5120799513078323,0.17060868356493936
K11Uf0V,-0.8248007322427142,0.5653577204943157,0.00862554168464321
K11Uf0W,-0.7553635973446944,0.6357300980579248,0.15897508682099748
K11Uf0X,-0.7688375637435866,0.5665582478271104,-0.29648027319857334
K11Uf0Y,-0.8114187859584582,0.5738315509630078,0.11098155212958045
K11Uf0Z,-0.7388998257089768,0.6734553730097218,-0.022020629681737507
K11Uf1A,-0.847689803333947,0.508756049967195,-0.1502973018567894
K11Uf1D,-0.7448122303667459,0.6247558452060157,0.23438190070274295
K12F87N,0.7263657791269168,-0.6051698587015213,-0.3258254088197049
K12TW4D,-0.40746060873153794,0.9132212686349275,-0.0016633835811686662
K12UH7G,-0.756718107083993,0.5627210013394488,-0.3327503284186908
K12UH7H,-0.6169976432874835,0.7086051831033489,-0.34233405126683003
K12W37F,-0.8537640316277534,0.5017332279861499,-0.13910695968686437
K12XF9W,-0.9765027150986383,-0.024234967498868006,0.21413807170915822
K12Y12G,-0.880966161117046,0.03292115111720607,0.4720326479977977
K13F28D,0.5561280579248811,-0.8256276906273086,0.09518665693319217
K13GD7E,0.8128505944162978,-0.5791607464580283,-0.0620221002486282
K13GD7F,0.7441079144566057,-0.6211240752068236,-0.24598433861022287
K13GD7G,0.776425095498486,-0.6295202752869724,-0.02946683021265712
K13GD7H,0.8246554792587196,-0.5223942610471274,-0.2169045332711994
K13GD7J,0.818573739740676,-0.5015941934749076,-0.2798933684087937
K13GD7L,0.8388971856721981,-0.515044452450637,-0.17601341957671673
K13GF8N,0.776618278686402,-0.6072025610883702,0.16783652468367627
K13HF6W,0.8441314092513789,-0.5322051320084864,-0.06480633749187517
K13J64Z,0.971010939874277,-0.19484756293276334,-0.13846364816671458
K13J65A,0.9709694082236132,-0.23679215297366088,0.033880445451399344
K13J65B,0.8890070699498946,-0.18421181549858193,-0.4192045283746584
K13J65C,0.9480257078911594,-0.1492515117485949,-0.28101822613173166
K13J65D,0.9634104652074862,-0.23892702006444236,0.12146668107683052
K13J65E,0.9707157902323647,-0.21176881700750155,-0.11342320193328786
K13J65F,0.9736111921972124,-0.19388398963164724,-0.12037543351048835
K13J65G,0.9509315504020376,-0.14376401474855735,-0.2739727988566636
K13J65H,0.995731774980662,-0.08617298988057011,-0.033052202784440196
K13M18R,0.9570950237989078,-0.2851859094392769,0.05136255909376797
K13P74X,0.13499242198570988,0.9870706085690907,0.08642140768048698
K13R98D,-0.6656957115170946,0.7419893472889344,-0.07937901597708609
K13RA9C,-0.4998195775114019,0.5331414875461941,0.6825983769343106
K13RC4K,-0.5434082764604183,0.8371207114757651,0.06274041355160559
K13RC4X,0.7327084607790649,0.6507509755442876,0.1991519001439136
K13RF6F,0.14993547372423557,0.9884026469201349,-0.024074079013741173
K13RF6G,0.05387966495996338,0.9951558266209695,-0.08223054448401221
K13RF6H,-0.20048843354977378,0.9672330861915832,-0.1557708091686733
K13RF6Q,-0.13475234106049494,0.9676092812593845,-0.2134808782992363
K13RF7B,-0.36716076235242384,0.9261018301543962,0.08676620755492898
K13RF7C,-0.5641728668685041,0.8235605939866781,-0.05879561481677656
K13SA2O,-0.6969840788521326,0.7163210422298978,-0.03312639861677172
K13SA2P,-0.6019768112923638,0.7955609088694184,-0.06860582296819122
K13SB2U,-0.15619468105615258,0.987304985284875,-0.028845929373135192
K13SB3F,0.4775490981154391,0.8592322516258099,0.18348514014810996
K13TH1Y,-0.5010218690918807,0.7745219602124356,0.3861253939335827
K13TI7L,-0.4901423931038607,0.8102206315922581,0.32140778245814544
K13TI7O,-0.6681494514684104,0.7338621214878067,0.12256711283161406
K13TI7U,-0.6542168472464268,0.731498562027226,0.19212019813399717
K13TI8B,-0.7130447579874037,0.6762195658696926,0.18518712655497743
K13TI8E,-0.7128519046754662,0.697605837964374,0.0720295553129659
K13TM7M,-0.47202472561704645,0.8752958945802349,-0.10511781645914468
K13TM7R,-0.6707608867983573,0.6864451193155593,-0.28084324971294755
K13TM7V,-0.4591832101806222,0.8881706103240792,0.01742832306251118
K13TM8E,-0.25504055593675035,0.9666885665913064,0.021622443181071184
K13TM9E,-0.48249933575557025,0.8758048543471864,-0.012658913750274642
K13TM9F,-0.43370954489977853,0.865027677389376,0.2522362940045867
K13TM9Q,-0.3513317908069303,0.9313444206490932,0.09572639601593731
K13U16X,-0.40121633926180317,0.9129190042798391,0.07486214486684657
K13U17A,-0.5225436768153795,0.8519154050434334,0.0344709801129429
K13U17F,-0.5777704134623046,0.7713189645572877,-0.2669239671552015
K13U17J,-0.5711557171320956,0.8122136602528895,0.1187017981579269
K13U17V,-0.4866461933383754,0.8730995635286664,0.029540390574953355
K13U17X,-0.4466071356014559,0.8931791940709964,0.052659222445345474
K13U18W,-0.4915713183163434,0.8649383832834784,-0.10118909097177889
K13U31F,-0.6900642771929607,0.6200680841632064,-0.3732651394710299
K13V24F,-0.9504189764070354,0.04087006628614269,0.3082748886418891
K13V46N,-0.6881564084203836,0.7239821687437092,0.04785997169988024
K13V46Q,-0.6038541787410304,0.7848977608068101,0.13890873225773598
K13V46R,-0.6581966215191711,0.7334848212812147,0.16963851087183365
K13V71Q,-0.691973506795783,0.7210522078891781,0.03544544245580541
K13V71R,-0.723361046540934,0.6431874769606263,0.2511148458937236
K13V71S,-0.8384156727813479,0.5264148733924323,0.1412322226187397
K13V71T,-0.8349992808497739,0.5468208407209882,0.06134467485896403
K13V71Y,-0.48080444319866983,0.8634975330886278,0.15231250030864746
K13V72C,-0.7534579921565356,0.6428077049030325,0.13820024809217096
K13V72F,-0.6720724180867452,0.6423711686673166,-0.3683448744207264
K13WC3J,-0.7178419278059325,0.6848849280050426,0.1250424011101434
K14F62B,0.4876108831199092,-0.8675486727596097,0.09795369853181506
K14G54J,0.8990658796976194,-0.33205394820652784,0.2853431608502336
K14G54K,0.8710904965442926,-0.29610685689401045,0.39181893283832997
K14HY4J,0.9750320745765916,-0.20458964939003715,-0.08634540467986465
K14J80O,0.978100856990033,-0.1679297540359618,0.12295654217968444
K14J80T,0.9900316357535472,-0.010563558069404882,-0.14044846545288397
K14J92Q,0.9901091613582232,-0.026864971962330682,-0.13770302057681658
K14KA1X,0.9895005488305292,-0.13654809828612374,-0.04736328449890749
K14KA2C,0.9972382493633453,0.02315054348263009,-0.07056859317847496
K14KA2D,0.997654629937677,0.06104371392945486,0.030966180804476058
K14M70F,0.9438665167287416,-0.32687926427219854,-0.04760194520414504
K14M70H,0.2736159922911762,0.9615663923417594,-0.022898949350757144
K14N86T,0.8600767375739139,0.5068289775845229,0.05824425263354319
K14Od3V,0.49378036049644375,0.8695690704145181,-0.005530584637524847
K14Qi1M,-0.8147362966902002,0.5235445023269116,0.24921059555886593
K14Qp0T,0.7292336186675494,0.6036733065977404,0.32217521367476676
K14Qp0Z,-0.4997174160001698,0.8051993666463243,0.3192749349674537
K14R74N,-0.7524592765150679,0.631857108987042,0.1859075872818477
K14R86U,-0.6166889706397921,0.7810050287943336,-0.09861976723352905
K14R86W,-0.7525324365124809,0.6524677063906202,0.08933545832396139
K14Sb3P,-0.6746078656732859,0.7128754062812559,-0.19160606120649815
K14Se4B,-0.6939035249216233,0.7200222795382095,-0.008112648762669622
K14Se4C,-0.7891488742805907,0.5998966296076857,-0.1317880419727654
K14SZ0F,0.0958954238776965,0.9875921352395863,0.1243617388597938
K14TB5H,-0.5721607489047689,0.8135529742293284,-0.10374794231861931
K14TB5K,-0.5696671673247521,0.8044829054003168,-0.1681861272247444
K14UM8F,-0.7332349453187529,0.6585458681325599,0.1693630849061811
K14UM8M,-0.7788891579413094,0.623751811142382,-0.06530970630830092
K14UM8O,-0.6749873925417473,0.731303907457012,0.0979112600664466
K14UM8U,-0.7874700216274321,0.6124281953415374,-0.06944545045429013
K14UM8V,-0.7330349345003745,0.6676923872285707,0.1297946872527684
K14UM8Z,-0.7396285118181967,0.672977919504955,-0.007098194445228849
K14UM9B,-0.6467862220404235,0.7611091736466021,0.04878943297131623
K14UM9O,-0.6700853277087812,0.7296296736426581,0.13647781112519286
K14UM9T,-0.49562935602665414,0.5438272353858488,-0.6772026871603425
K14UM9U,-0.6829351959206348,0.7208617663343911,-0.11814326900042077
K14UR6W,-0.6906927439831639,0.7227712539138655,0.02335054442161634
K14UR7H,-0.5485873766208832,0.8342568613300048,-0.05538392849939787
K14V37T,-0.8714023053591055,0.3191588613769808,-0.37255287332053355
K14Wo9C,-0.9037961823447672,-0.39756265376817396,-0.15841842414262006
K14Wp0B,-0.9762278548355109,0.0005298690327761929,0.21674615263497699
K14Wp0E,-0.8918373280582439,0.08488099385049983,0.44432127696621
K14Wp0O,-0.987719893504474,0.10725609827371406,0.11360255876788147
K14Wp0R,-0.95159764260244,-0.30337811895077116,-0.049230514270831575
K14Wr6C,-0.7711145044018517,0.5479442754032056,0.32425220454754416
K14Wr6D,-0.5776908501788446,0.7782983321533796,0.24601826718134473
K14Wy1X,-0.4431614694079828,0.8961859478854437,-0.0214163219257264
K14X54T,0.0467487926792611,0.9485795087760358,0.31306782957251655
K14Y72R,-0.24470061176380253,0.9602524265039547,0.13430148173303202
K14YA0D,-0.9716888509244682,0.19369225788496375,-0.13529259486206607
K15Bp9A,0.6845657813714654,-0.7287650825011921,0.016466496357924618
K15FY5R,0.48329512596207197,-0.871323725230261,-0.08497521445789538
K15G54F,0.528870724737307,-0.8289103067409962,0.18221816565420434
K15G54G,0.61602187585836,-0.7876070515787874,-0.013862927804637985
K15G54H,0.6743996036940503,-0.6782700713775651,-0.29177882858559256
K15G54J,0.5157366643073203,-0.7926547436045295,-0.3251371257337369
K15G54K,0.6387264043451462,-0.6014511329781448,0.47988031323615155
K15G54L,0.6174684690237002,-0.7865871177740444,-0.003660042820705707
K15G54M,0.5844064088369653,-0.7962355210339586,0.1564549275480397
K15G54N,0.6130016401679208,-0.789909330423996,0.016499662437553922
K15G54O,0.6094834534265196,-0.7729567698259031,-0.1762604662980019
K15G54P,0.6374597662713163,-0.7472411549157516,-0.1878182706381168
K15G54Q,0.4933099762592881,-0.8516861745494619,0.17685001386588692
K15G54R,0.6044352699319702,-0.7775630800066573,-0.17335991772271558
K15G54S,0.6307280537232143,-0.7759359260317136,0.010274285368506646
K15G54T,0.5976312939498923,-0.794292707974484,-0.10925168442792241
K15G54U,0.5576479855973444,-0.8246332872320904,-0.09491399131856573
K15G54V,0.6085601696800206,-0.7934191014761941,-0.011859565410821938
K15G54W,0.6632309256033396,-0.7479122611293173,-0.02742241739470299
K15G54X,0.6447043941310892,-0.7281564861579034,-0.2326894407880176
K15G54Y,0.6413151683096416,-0.765390091504832,-0.053785339286845375
K15G65R,0.6229635843415472,-0.782241390984445,0.0038443224438662865
K15KH3C,0.8568772089216827,-0.4271455698203219,-0.28863144494919335
K15KH3D,0.9488794844093256,-0.3152104150930484,-0.016435275597342855
K15KH3E,0.8962785863644327,-0.4322493841148359,-0.09922280764481167
K15KH3F,0.9278904769244939,-0.26441036791580985,-0.2628810000198979
K15KH3G,0.973979948009356,-0.22640241639621764,0.01024727893864167
K15KH3H,0.9681943402705896,-0.23748808219903156,0.07873455582794453
K15KH3J,0.8861673492883828,-0.43712871522232816,-0.1537072392025762
K15KH3K,0.9382192733339324,-0.3073843495525922,-0.15893223963336622
K15KH3L,0.9486382876900381,-0.2769804807330744,-0.15286337828723867
K15KH3M,0.9124554557780205,-0.4004933505058246,0.08384579549114889
K15KH3N,0.9401553832914362,-0.31564275188346,-0.12836474769799172
K15KH3O,0.9233543881673126,-0.3121050756403097,-0.2236226634572723
K15KH3P,0.9505077063257654,-0.29051588427319563,-0.1101617955567894
K15KH3Q,0.7574056864474178,-0.21409042280310686,-0.6168483744009566
K15KH3R,0.8961646240524435,-0.4395277328700337,-0.06086327821495181
K15KH3S,0.857862060874413,-0.23970036364773903,0.45455078943881116
K15KH3T,0.9371610976195356,-0.3405478593614032,-0.0758698398107809
K15KH3U,0.9180688304224055,-0.3162576105967583,-0.23902038897647543
K15KH3V,0.9479071440963667,-0.31804241935176353,0.017918305275536207
K15KH3W,0.8853906383097363,-0.3234275222685336,-0.33388329612712714
K15KH8G,0.8468460403198065,-0.26511919742938705,-0.46104619632859184
K15KJ9M,0.9097592696607928,-0.4051192976549174,-0.0906445030536724
K15RR7R,-0.22327319225314435,0.9648324326014398,0.13873521046035384
K15RR7S,-0.33717481909448316,0.9389671980172545,-0.0682183436930898
K15RR7T,-0.32484668130306427,0.9410262937868584,-0.0945735060582756
K15RR7U,-0.4317257566569389,0.8594827295525965,-0.2736828614287199
K15RR7V,-0.35879276437039476,0.9300875569464773,0.0787711155740729
K15Ta1C,-0.4664668141886115,0.884246689837699,-0.022726697335951715
K15Ta1P,-0.4410413303532975,0.8925172512384768,-0.09431596451241539
K15Te8Q,-0.7826609838632963,0.6009307430709231,0.16224680696508278
K15VG4J,-0.8295384956005005,0.5473630431328773,0.11072300271025168
K15VG4K,-0.9143939756622212,0.4044639925810282,-0.01710368317208368
K15VG4L,-0.899556546466083,0.3971721494405362,-0.18180292467063985
K15VG4M,-0.8700149026647523,0.38529439300734253,0.3076073793951388
K15VG4N,-0.844451985513856,0.510035662757255,0.16359849289487408
K15VG4O,-0.9050759749107666,0.35058712060613795,0.2406785210699587
K15VG4P,-0.9168712207683346,0.3900688272504978,-0.08481435335015529
K15VG4Q,-0.9202067574844357,0.30142529301507215,0.24972448059963717
K15VG4R,-0.9368668528635481,0.3488011612893943,0.024864631280612202
K15VG4S,-0.8735132480810562,0.3520141307180456,-0.33624493632128033
K15VG4T,-0.8966999305039841,0.4261080309823106,0.11983814320377427
K15VG4U,-0.7282340210486229,0.3347710279864248,-0.5979996399733583
K15VG4V,-0.9066944103713772,0.4207520837398567,0.029545392701224436
K15VG4W,-0.9043666352360091,0.4264416518074848,-0.01638617330565656
K15VG4X,-0.9306327258697371,0.2516723446419118,-0.2656760442394189
K15VG4Y,-0.9208501215512613,0.38989997891304895,-0.003613873632426697
K15VG4Z,-0.9101470704360166,0.41356348943017096,-0.02444484377281196
K15VG5A,-0.8892239564697165,0.39580399612259154,-0.22939039189497668
K15VG5B,-0.9087854889316654,0.41636992496097214,0.027295067232531
K15VG5C,-0.873884256239313,0.43009819044265074,-0.22658740758263712
K15VG5D,-0.8624716427223778,0.4630409890395842,0.20429319119590508
K15VG5E,-0.9107236748306159,0.4128718937608407,0.010917300277795382
K15VG5F,-0.8263814661831037,0.409711578235894,-0.38630311286412977
K15VG5G,-0.91206198760545,0.3789457372460384,-0.15666224493556954
K15VG5H,-0.8809469766233731,0.4114525350916051,0.23375037057688255
K15VG5J,-0.889920959418765,0.44395099687389505,0.10463363876812996
K15VG5K,-0.9251172999183084,0.3793420759431528,-0.01604901277332145
K15VG5L,-0.8604828505232043,0.36254747427292977,-0.3579505452625824
K15VG5M,-0.9044705633657915,0.40828053186970076,0.123450424466512
K15VG5N,-0.9236094028869415,0.37867623387364957,0.0595817153000542
K15VG5O,-0.8845393159811977,0.43313216033052576,0.17316676982298557
K15VG5P,-0.8835083352624273,0.3988573471684689,-0.24561318802447435
K15VG5Q,-0.8381442974425228,0.44628981126403355,-0.31359135993597387
K15VG5R,-0.8511742530869432,0.476403380206654,0.2203229679574031
K15VG5S,-0.8597397242868527,0.5100707016170257,0.025990110332227586
K15VG5T,-0.9101393523154776,0.3644279853332387,-0.19707511987239762
K15VG5U,-0.8929561729459998,0.44190170088969366,0.08574473714712484
K15VI4Z,-0.842086488211416,0.5287505997286532,0.10636329093420635
K15VK2O,-0.8668149914114225,0.49794006115072736,0.026219576000108095
K16S55Y,-0.5922325714189771,0.8041316419061364,0.05131163450726496
K16S57F,-0.6092094847689531,0.7744641059192351,0.17049678093813528
K16T94S,-0.7756289951386961,0.6023837489773533,-0.18850326487391572
K17O69F,0.7754908078378625,0.6313557608309115,-0.001977428785121582
K17OG6W,0.9340236596476466,0.35689291029467174,-0.015074939463117642
K17Y03K,-0.7778463288564149,-0.6284324138496772,-0.005271613383582398
K19QB2F,0.11938195356491216,0.9713668926858918,0.20541253359223313
K20K54E,0.8644269087125763,0.3535373486979799,0.35745973559160793
K20Q83H,0.6399777798625791,0.6669139972603375,0.381646644869836
K21L44D,0.9466498371168824,0.32207094888754567,0.01115301615061588
K21RN7M,0.06405536916567778,0.9770857095834394,-0.20297888020401436
K21RN7T,0.05832055118659307,0.9972114084968504,-0.04656307628389237
